"filename", "language", "YAML", "Dart", "Markdown", "Swift", "C++", "JSON", "XML", "Groovy", "Properties", "Kotlin", "comment", "blank", "total"
"c:\Users\ICOREBIZ\Documents\Dev_Personal\Semestre 2025-1\Ingeniera de software\ProyectoGrupal\trabajoAPP\final\App-Map-Tracking\README.md", "Markdown", 0, 0, 482, 0, 0, 0, 0, 0, 0, 0, 0, 110, 592
"c:\Users\ICOREBIZ\Documents\Dev_Personal\Semestre 2025-1\Ingeniera de software\ProyectoGrupal\trabajoAPP\final\App-Map-Tracking\analysis_options.yaml", "YAML", 1, 0, 0, 0, 0, 0, 0, 0, 0, 0, 0, 1, 2
"c:\Users\ICOREBIZ\Documents\Dev_Personal\Semestre 2025-1\Ingeniera de software\ProyectoGrupal\trabajoAPP\final\App-Map-Tracking\android\app\build.gradle", "Groovy", 0, 0, 0, 0, 0, 0, 0, 55, 0, 0, 10, 11, 76
"c:\Users\ICOREBIZ\Documents\Dev_Personal\Semestre 2025-1\Ingeniera de software\ProyectoGrupal\trabajoAPP\final\App-Map-Tracking\android\app\src\debug\AndroidManifest.xml", "XML", 0, 0, 0, 0, 0, 0, 3, 0, 0, 0, 4, 1, 8
"c:\Users\ICOREBIZ\Documents\Dev_Personal\Semestre 2025-1\Ingeniera de software\ProyectoGrupal\trabajoAPP\final\App-Map-Tracking\android\app\src\main\AndroidManifest.xml", "XML", 0, 0, 0, 0, 0, 0, 55, 0, 0, 0, 12, 5, 72
"c:\Users\ICOREBIZ\Documents\Dev_Personal\Semestre 2025-1\Ingeniera de software\ProyectoGrupal\trabajoAPP\final\App-Map-Tracking\android\app\src\main\assets\sprites\sprite.json", "JSON", 0, 0, 0, 0, 0, 611, 0, 0, 0, 0, 0, 0, 611
"c:\Users\ICOREBIZ\Documents\Dev_Personal\Semestre 2025-1\Ingeniera de software\ProyectoGrupal\trabajoAPP\final\App-Map-Tracking\android\app\src\main\assets\sprites\sprite@2x.json", "JSON", 0, 0, 0, 0, 0, 611, 0, 0, 0, 0, 0, 0, 611
"c:\Users\ICOREBIZ\Documents\Dev_Personal\Semestre 2025-1\Ingeniera de software\ProyectoGrupal\trabajoAPP\final\App-Map-Tracking\android\app\src\main\kotlin\com\example\app_map_tracking\MainActivity.kt", "Kotlin", 0, 0, 0, 0, 0, 0, 0, 0, 0, 3, 0, 3, 6
"c:\Users\ICOREBIZ\Documents\Dev_Personal\Semestre 2025-1\Ingeniera de software\ProyectoGrupal\trabajoAPP\final\App-Map-Tracking\android\app\src\main\kotlin\com\example\app_map_tracking\MainApplication.kt", "Kotlin", 0, 0, 0, 0, 0, 0, 0, 0, 0, 8, 1, 3, 12
"c:\Users\ICOREBIZ\Documents\Dev_Personal\Semestre 2025-1\Ingeniera de software\ProyectoGrupal\trabajoAPP\final\App-Map-Tracking\android\app\src\main\res\drawable-v21\launch_background.xml", "XML", 0, 0, 0, 0, 0, 0, 4, 0, 0, 0, 7, 2, 13
"c:\Users\ICOREBIZ\Documents\Dev_Personal\Semestre 2025-1\Ingeniera de software\ProyectoGrupal\trabajoAPP\final\App-Map-Tracking\android\app\src\main\res\drawable\launch_background.xml", "XML", 0, 0, 0, 0, 0, 0, 4, 0, 0, 0, 7, 2, 13
"c:\Users\ICOREBIZ\Documents\Dev_Personal\Semestre 2025-1\Ingeniera de software\ProyectoGrupal\trabajoAPP\final\App-Map-Tracking\android\app\src\main\res\values-night\styles.xml", "XML", 0, 0, 0, 0, 0, 0, 9, 0, 0, 0, 9, 1, 19
"c:\Users\ICOREBIZ\Documents\Dev_Personal\Semestre 2025-1\Ingeniera de software\ProyectoGrupal\trabajoAPP\final\App-Map-Tracking\android\app\src\main\res\values\styles.xml", "XML", 0, 0, 0, 0, 0, 0, 9, 0, 0, 0, 9, 1, 19
"c:\Users\ICOREBIZ\Documents\Dev_Personal\Semestre 2025-1\Ingeniera de software\ProyectoGrupal\trabajoAPP\final\App-Map-Tracking\android\app\src\profile\AndroidManifest.xml", "XML", 0, 0, 0, 0, 0, 0, 3, 0, 0, 0, 4, 1, 8
"c:\Users\ICOREBIZ\Documents\Dev_Personal\Semestre 2025-1\Ingeniera de software\ProyectoGrupal\trabajoAPP\final\App-Map-Tracking\android\build.gradle", "Groovy", 0, 0, 0, 0, 0, 0, 0, 32, 0, 0, 2, 4, 38
"c:\Users\ICOREBIZ\Documents\Dev_Personal\Semestre 2025-1\Ingeniera de software\ProyectoGrupal\trabajoAPP\final\App-Map-Tracking\android\gradle.properties", "Properties", 0, 0, 0, 0, 0, 0, 0, 0, 14, 0, 0, 0, 14
"c:\Users\ICOREBIZ\Documents\Dev_Personal\Semestre 2025-1\Ingeniera de software\ProyectoGrupal\trabajoAPP\final\App-Map-Tracking\android\gradle\wrapper\gradle-wrapper.properties", "Properties", 0, 0, 0, 0, 0, 0, 0, 0, 5, 0, 0, 1, 6
"c:\Users\ICOREBIZ\Documents\Dev_Personal\Semestre 2025-1\Ingeniera de software\ProyectoGrupal\trabajoAPP\final\App-Map-Tracking\android\settings.gradle", "Groovy", 0, 0, 0, 0, 0, 0, 0, 21, 0, 0, 0, 5, 26
"c:\Users\ICOREBIZ\Documents\Dev_Personal\Semestre 2025-1\Ingeniera de software\ProyectoGrupal\trabajoAPP\final\App-Map-Tracking\assets\Map-Backend.postman_collection.json", "JSON", 0, 0, 0, 0, 0, 871, 0, 0, 0, 0, 0, 0, 871
"c:\Users\ICOREBIZ\Documents\Dev_Personal\Semestre 2025-1\Ingeniera de software\ProyectoGrupal\trabajoAPP\final\App-Map-Tracking\assets\maplibre\style.json", "JSON", 0, 0, 0, 0, 0, 3743, 0, 0, 0, 0, 0, 1, 3744
"c:\Users\ICOREBIZ\Documents\Dev_Personal\Semestre 2025-1\Ingeniera de software\ProyectoGrupal\trabajoAPP\final\App-Map-Tracking\ios\Flutter\AppFrameworkInfo.plist", "XML", 0, 0, 0, 0, 0, 0, 26, 0, 0, 0, 0, 1, 27
"c:\Users\ICOREBIZ\Documents\Dev_Personal\Semestre 2025-1\Ingeniera de software\ProyectoGrupal\trabajoAPP\final\App-Map-Tracking\ios\Runner.xcodeproj\project.xcworkspace\xcshareddata\IDEWorkspaceChecks.plist", "XML", 0, 0, 0, 0, 0, 0, 8, 0, 0, 0, 0, 1, 9
"c:\Users\ICOREBIZ\Documents\Dev_Personal\Semestre 2025-1\Ingeniera de software\ProyectoGrupal\trabajoAPP\final\App-Map-Tracking\ios\Runner.xcworkspace\xcshareddata\IDEWorkspaceChecks.plist", "XML", 0, 0, 0, 0, 0, 0, 8, 0, 0, 0, 0, 1, 9
"c:\Users\ICOREBIZ\Documents\Dev_Personal\Semestre 2025-1\Ingeniera de software\ProyectoGrupal\trabajoAPP\final\App-Map-Tracking\ios\RunnerTests\RunnerTests.swift", "Swift", 0, 0, 0, 7, 0, 0, 0, 0, 0, 0, 2, 4, 13
"c:\Users\ICOREBIZ\Documents\Dev_Personal\Semestre 2025-1\Ingeniera de software\ProyectoGrupal\trabajoAPP\final\App-Map-Tracking\ios\Runner\AppDelegate.swift", "Swift", 0, 0, 0, 12, 0, 0, 0, 0, 0, 0, 0, 2, 14
"c:\Users\ICOREBIZ\Documents\Dev_Personal\Semestre 2025-1\Ingeniera de software\ProyectoGrupal\trabajoAPP\final\App-Map-Tracking\ios\Runner\Assets.xcassets\AppIcon.appiconset\Contents.json", "JSON", 0, 0, 0, 0, 0, 122, 0, 0, 0, 0, 0, 1, 123
"c:\Users\ICOREBIZ\Documents\Dev_Personal\Semestre 2025-1\Ingeniera de software\ProyectoGrupal\trabajoAPP\final\App-Map-Tracking\ios\Runner\Assets.xcassets\LaunchImage.imageset\Contents.json", "JSON", 0, 0, 0, 0, 0, 23, 0, 0, 0, 0, 0, 1, 24
"c:\Users\ICOREBIZ\Documents\Dev_Personal\Semestre 2025-1\Ingeniera de software\ProyectoGrupal\trabajoAPP\final\App-Map-Tracking\ios\Runner\Assets.xcassets\LaunchImage.imageset\README.md", "Markdown", 0, 0, 3, 0, 0, 0, 0, 0, 0, 0, 0, 2, 5
"c:\Users\ICOREBIZ\Documents\Dev_Personal\Semestre 2025-1\Ingeniera de software\ProyectoGrupal\trabajoAPP\final\App-Map-Tracking\ios\Runner\Base.lproj\LaunchScreen.storyboard", "XML", 0, 0, 0, 0, 0, 0, 36, 0, 0, 0, 1, 1, 38
"c:\Users\ICOREBIZ\Documents\Dev_Personal\Semestre 2025-1\Ingeniera de software\ProyectoGrupal\trabajoAPP\final\App-Map-Tracking\ios\Runner\Base.lproj\Main.storyboard", "XML", 0, 0, 0, 0, 0, 0, 25, 0, 0, 0, 1, 1, 27
"c:\Users\ICOREBIZ\Documents\Dev_Personal\Semestre 2025-1\Ingeniera de software\ProyectoGrupal\trabajoAPP\final\App-Map-Tracking\ios\Runner\Info.plist", "XML", 0, 0, 0, 0, 0, 0, 49, 0, 0, 0, 0, 1, 50
"c:\Users\ICOREBIZ\Documents\Dev_Personal\Semestre 2025-1\Ingeniera de software\ProyectoGrupal\trabajoAPP\final\App-Map-Tracking\ios\Runner\Runner-Bridging-Header.h", "C++", 0, 0, 0, 0, 1, 0, 0, 0, 0, 0, 0, 1, 2
"c:\Users\ICOREBIZ\Documents\Dev_Personal\Semestre 2025-1\Ingeniera de software\ProyectoGrupal\trabajoAPP\final\App-Map-Tracking\lib\common\app_cycle_observer.dart", "Dart", 0, 14, 0, 0, 0, 0, 0, 0, 0, 0, 0, 7, 21
"c:\Users\ICOREBIZ\Documents\Dev_Personal\Semestre 2025-1\Ingeniera de software\ProyectoGrupal\trabajoAPP\final\App-Map-Tracking\lib\common\gps_utils.dart", "Dart", 0, 12, 0, 0, 0, 0, 0, 0, 0, 0, 14, 2, 28
"c:\Users\ICOREBIZ\Documents\Dev_Personal\Semestre 2025-1\Ingeniera de software\ProyectoGrupal\trabajoAPP\final\App-Map-Tracking\lib\common\shared_preference_helper.dart", "Dart", 0, 49, 0, 0, 0, 0, 0, 0, 0, 0, 0, 15, 64
"c:\Users\ICOREBIZ\Documents\Dev_Personal\Semestre 2025-1\Ingeniera de software\ProyectoGrupal\trabajoAPP\final\App-Map-Tracking\lib\common\utils.dart", "Dart", 0, 70, 0, 0, 0, 0, 0, 0, 0, 0, 12, 15, 97
"c:\Users\ICOREBIZ\Documents\Dev_Personal\Semestre 2025-1\Ingeniera de software\ProyectoGrupal\trabajoAPP\final\App-Map-Tracking\lib\common\widgets\app_drawer.dart", "Dart", 0, 202, 0, 0, 0, 0, 0, 0, 0, 0, 15, 25, 242
"c:\Users\ICOREBIZ\Documents\Dev_Personal\Semestre 2025-1\Ingeniera de software\ProyectoGrupal\trabajoAPP\final\App-Map-Tracking\lib\config\constants.dart", "Dart", 0, 4, 0, 0, 0, 0, 0, 0, 0, 0, 5, 2, 11
"c:\Users\ICOREBIZ\Documents\Dev_Personal\Semestre 2025-1\Ingeniera de software\ProyectoGrupal\trabajoAPP\final\App-Map-Tracking\lib\config\routes.dart", "Dart", 0, 120, 0, 0, 0, 0, 0, 0, 0, 0, 15, 21, 156
"c:\Users\ICOREBIZ\Documents\Dev_Personal\Semestre 2025-1\Ingeniera de software\ProyectoGrupal\trabajoAPP\final\App-Map-Tracking\lib\data\datasource\api\api_service.dart", "Dart", 0, 67, 0, 0, 0, 0, 0, 0, 0, 0, 0, 10, 77
"c:\Users\ICOREBIZ\Documents\Dev_Personal\Semestre 2025-1\Ingeniera de software\ProyectoGrupal\trabajoAPP\final\App-Map-Tracking\lib\data\datasource\api\entidad_api_datasource.dart", "Dart", 0, 29, 0, 0, 0, 0, 0, 0, 0, 0, 0, 6, 35
"c:\Users\ICOREBIZ\Documents\Dev_Personal\Semestre 2025-1\Ingeniera de software\ProyectoGrupal\trabajoAPP\final\App-Map-Tracking\lib\data\datasource\api\parada_api_datasource.dart", "Dart", 0, 44, 0, 0, 0, 0, 0, 0, 0, 0, 1, 11, 56
"c:\Users\ICOREBIZ\Documents\Dev_Personal\Semestre 2025-1\Ingeniera de software\ProyectoGrupal\trabajoAPP\final\App-Map-Tracking\lib\data\datasource\api\providers\entidad_api_datasource_provider.dart", "Dart", 0, 7, 0, 0, 0, 0, 0, 0, 0, 0, 0, 1, 8
"c:\Users\ICOREBIZ\Documents\Dev_Personal\Semestre 2025-1\Ingeniera de software\ProyectoGrupal\trabajoAPP\final\App-Map-Tracking\lib\data\datasource\api\providers\ruta_api_datasource_provider.dart", "Dart", 0, 8, 0, 0, 0, 0, 0, 0, 0, 0, 0, 1, 9
"c:\Users\ICOREBIZ\Documents\Dev_Personal\Semestre 2025-1\Ingeniera de software\ProyectoGrupal\trabajoAPP\final\App-Map-Tracking\lib\data\datasource\api\ruta_api_datasource.dart", "Dart", 0, 44, 0, 0, 0, 0, 0, 0, 0, 0, 4, 11, 59
"c:\Users\ICOREBIZ\Documents\Dev_Personal\Semestre 2025-1\Ingeniera de software\ProyectoGrupal\trabajoAPP\final\App-Map-Tracking\lib\data\datasource\local\entidad_local_datasource.dart", "Dart", 0, 61, 0, 0, 0, 0, 0, 0, 0, 0, 2, 11, 74
"c:\Users\ICOREBIZ\Documents\Dev_Personal\Semestre 2025-1\Ingeniera de software\ProyectoGrupal\trabajoAPP\final\App-Map-Tracking\lib\data\datasource\local\parada_local_datasource.dart", "Dart", 0, 147, 0, 0, 0, 0, 0, 0, 0, 0, 16, 26, 189
"c:\Users\ICOREBIZ\Documents\Dev_Personal\Semestre 2025-1\Ingeniera de software\ProyectoGrupal\trabajoAPP\final\App-Map-Tracking\lib\data\datasource\local\providers\entidad_local_datasource_provider.dart", "Dart", 0, 8, 0, 0, 0, 0, 0, 0, 0, 0, 0, 1, 9
"c:\Users\ICOREBIZ\Documents\Dev_Personal\Semestre 2025-1\Ingeniera de software\ProyectoGrupal\trabajoAPP\final\App-Map-Tracking\lib\data\datasource\local\providers\isar_provider.dart", "Dart", 0, 15, 0, 0, 0, 0, 0, 0, 0, 0, 0, 2, 17
"c:\Users\ICOREBIZ\Documents\Dev_Personal\Semestre 2025-1\Ingeniera de software\ProyectoGrupal\trabajoAPP\final\App-Map-Tracking\lib\data\datasource\local\providers\parada_local_datasource_provider.dart", "Dart", 0, 7, 0, 0, 0, 0, 0, 0, 0, 0, 0, 1, 8
"c:\Users\ICOREBIZ\Documents\Dev_Personal\Semestre 2025-1\Ingeniera de software\ProyectoGrupal\trabajoAPP\final\App-Map-Tracking\lib\data\datasource\local\providers\ruta_local_datasource_provider.dart", "Dart", 0, 8, 0, 0, 0, 0, 0, 0, 0, 0, 0, 1, 9
"c:\Users\ICOREBIZ\Documents\Dev_Personal\Semestre 2025-1\Ingeniera de software\ProyectoGrupal\trabajoAPP\final\App-Map-Tracking\lib\data\datasource\local\ruta_local_datasource.dart", "Dart", 0, 120, 0, 0, 0, 0, 0, 0, 0, 0, 4, 16, 140
"c:\Users\ICOREBIZ\Documents\Dev_Personal\Semestre 2025-1\Ingeniera de software\ProyectoGrupal\trabajoAPP\final\App-Map-Tracking\lib\data\models\entidad_model.dart", "Dart", 0, 36, 0, 0, 0, 0, 0, 0, 0, 0, 0, 7, 43
"c:\Users\ICOREBIZ\Documents\Dev_Personal\Semestre 2025-1\Ingeniera de software\ProyectoGrupal\trabajoAPP\final\App-Map-Tracking\lib\data\models\entidad_model.g.dart", "Dart", 0, 1483, 0, 0, 0, 0, 0, 0, 0, 0, 6, 155, 1644
"c:\Users\ICOREBIZ\Documents\Dev_Personal\Semestre 2025-1\Ingeniera de software\ProyectoGrupal\trabajoAPP\final\App-Map-Tracking\lib\data\models\parada_model.dart", "Dart", 0, 38, 0, 0, 0, 0, 0, 0, 0, 0, 0, 9, 47
"c:\Users\ICOREBIZ\Documents\Dev_Personal\Semestre 2025-1\Ingeniera de software\ProyectoGrupal\trabajoAPP\final\App-Map-Tracking\lib\data\models\parada_model.g.dart", "Dart", 0, 1138, 0, 0, 0, 0, 0, 0, 0, 0, 6, 114, 1258
"c:\Users\ICOREBIZ\Documents\Dev_Personal\Semestre 2025-1\Ingeniera de software\ProyectoGrupal\trabajoAPP\final\App-Map-Tracking\lib\data\models\ruta_model.dart", "Dart", 0, 74, 0, 0, 0, 0, 0, 0, 0, 0, 0, 9, 83
"c:\Users\ICOREBIZ\Documents\Dev_Personal\Semestre 2025-1\Ingeniera de software\ProyectoGrupal\trabajoAPP\final\App-Map-Tracking\lib\data\models\ruta_model.g.dart", "Dart", 0, 1897, 0, 0, 0, 0, 0, 0, 0, 0, 6, 202, 2105
"c:\Users\ICOREBIZ\Documents\Dev_Personal\Semestre 2025-1\Ingeniera de software\ProyectoGrupal\trabajoAPP\final\App-Map-Tracking\lib\data\repositories_impl\entidad_repository_impl.dart", "Dart", 0, 101, 0, 0, 0, 0, 0, 0, 0, 0, 7, 17, 125
"c:\Users\ICOREBIZ\Documents\Dev_Personal\Semestre 2025-1\Ingeniera de software\ProyectoGrupal\trabajoAPP\final\App-Map-Tracking\lib\data\repositories_impl\parada_repository_impl.dart", "Dart", 0, 100, 0, 0, 0, 0, 0, 0, 0, 0, 9, 23, 132
"c:\Users\ICOREBIZ\Documents\Dev_Personal\Semestre 2025-1\Ingeniera de software\ProyectoGrupal\trabajoAPP\final\App-Map-Tracking\lib\data\repositories_impl\ruta_repository_impl.dart", "Dart", 0, 218, 0, 0, 0, 0, 0, 0, 0, 0, 17, 40, 275
"c:\Users\ICOREBIZ\Documents\Dev_Personal\Semestre 2025-1\Ingeniera de software\ProyectoGrupal\trabajoAPP\final\App-Map-Tracking\lib\domain\entities\entidad.dart", "Dart", 0, 20, 0, 0, 0, 0, 0, 0, 0, 0, 0, 2, 22
"c:\Users\ICOREBIZ\Documents\Dev_Personal\Semestre 2025-1\Ingeniera de software\ProyectoGrupal\trabajoAPP\final\App-Map-Tracking\lib\domain\entities\parada.dart", "Dart", 0, 28, 0, 0, 0, 0, 0, 0, 0, 0, 0, 4, 32
"c:\Users\ICOREBIZ\Documents\Dev_Personal\Semestre 2025-1\Ingeniera de software\ProyectoGrupal\trabajoAPP\final\App-Map-Tracking\lib\domain\entities\ruta.dart", "Dart", 0, 30, 0, 0, 0, 0, 0, 0, 0, 0, 0, 1, 31
"c:\Users\ICOREBIZ\Documents\Dev_Personal\Semestre 2025-1\Ingeniera de software\ProyectoGrupal\trabajoAPP\final\App-Map-Tracking\lib\domain\repositories\entidad_repository.dart", "Dart", 0, 4, 0, 0, 0, 0, 0, 0, 0, 0, 0, 1, 5
"c:\Users\ICOREBIZ\Documents\Dev_Personal\Semestre 2025-1\Ingeniera de software\ProyectoGrupal\trabajoAPP\final\App-Map-Tracking\lib\domain\repositories\parada_repository.dart", "Dart", 0, 4, 0, 0, 0, 0, 0, 0, 0, 0, 0, 1, 5
"c:\Users\ICOREBIZ\Documents\Dev_Personal\Semestre 2025-1\Ingeniera de software\ProyectoGrupal\trabajoAPP\final\App-Map-Tracking\lib\domain\repositories\providers\entidad_repository_provider.dart", "Dart", 0, 10, 0, 0, 0, 0, 0, 0, 0, 0, 0, 1, 11
"c:\Users\ICOREBIZ\Documents\Dev_Personal\Semestre 2025-1\Ingeniera de software\ProyectoGrupal\trabajoAPP\final\App-Map-Tracking\lib\domain\repositories\providers\parada_repository_provider.dart", "Dart", 0, 10, 0, 0, 0, 0, 0, 0, 0, 0, 0, 3, 13
"c:\Users\ICOREBIZ\Documents\Dev_Personal\Semestre 2025-1\Ingeniera de software\ProyectoGrupal\trabajoAPP\final\App-Map-Tracking\lib\domain\repositories\providers\ruta_repository_provider.dart", "Dart", 0, 10, 0, 0, 0, 0, 0, 0, 0, 0, 0, 2, 12
"c:\Users\ICOREBIZ\Documents\Dev_Personal\Semestre 2025-1\Ingeniera de software\ProyectoGrupal\trabajoAPP\final\App-Map-Tracking\lib\domain\repositories\ruta_repository.dart", "Dart", 0, 5, 0, 0, 0, 0, 0, 0, 0, 0, 1, 2, 8
"c:\Users\ICOREBIZ\Documents\Dev_Personal\Semestre 2025-1\Ingeniera de software\ProyectoGrupal\trabajoAPP\final\App-Map-Tracking\lib\domain\usecases\entidad_use_cases.dart", "Dart", 0, 9, 0, 0, 0, 0, 0, 0, 0, 0, 0, 3, 12
"c:\Users\ICOREBIZ\Documents\Dev_Personal\Semestre 2025-1\Ingeniera de software\ProyectoGrupal\trabajoAPP\final\App-Map-Tracking\lib\domain\usecases\providers\entidad_use_case_provider.dart", "Dart", 0, 8, 0, 0, 0, 0, 0, 0, 0, 0, 0, 1, 9
"c:\Users\ICOREBIZ\Documents\Dev_Personal\Semestre 2025-1\Ingeniera de software\ProyectoGrupal\trabajoAPP\final\App-Map-Tracking\lib\domain\usecases\providers\ruta_use_case_provider.dart", "Dart", 0, 8, 0, 0, 0, 0, 0, 0, 0, 0, 0, 2, 10
"c:\Users\ICOREBIZ\Documents\Dev_Personal\Semestre 2025-1\Ingeniera de software\ProyectoGrupal\trabajoAPP\final\App-Map-Tracking\lib\domain\usecases\ruta_use_case.dart", "Dart", 0, 9, 0, 0, 0, 0, 0, 0, 0, 0, 0, 4, 13
"c:\Users\ICOREBIZ\Documents\Dev_Personal\Semestre 2025-1\Ingeniera de software\ProyectoGrupal\trabajoAPP\final\App-Map-Tracking\lib\features\auth\models\user_model.dart", "Dart", 0, 203, 0, 0, 0, 0, 0, 0, 0, 0, 9, 27, 239
"c:\Users\ICOREBIZ\Documents\Dev_Personal\Semestre 2025-1\Ingeniera de software\ProyectoGrupal\trabajoAPP\final\App-Map-Tracking\lib\features\auth\providers\auth_provider.dart", "Dart", 0, 289, 0, 0, 0, 0, 0, 0, 0, 0, 38, 64, 391
"c:\Users\ICOREBIZ\Documents\Dev_Personal\Semestre 2025-1\Ingeniera de software\ProyectoGrupal\trabajoAPP\final\App-Map-Tracking\lib\features\auth\screens\login_page.dart", "Dart", 0, 343, 0, 0, 0, 0, 0, 0, 0, 0, 17, 25, 385
"c:\Users\ICOREBIZ\Documents\Dev_Personal\Semestre 2025-1\Ingeniera de software\ProyectoGrupal\trabajoAPP\final\App-Map-Tracking\lib\features\auth\screens\register_page.dart", "Dart", 0, 322, 0, 0, 0, 0, 0, 0, 0, 0, 7, 18, 347
"c:\Users\ICOREBIZ\Documents\Dev_Personal\Semestre 2025-1\Ingeniera de software\ProyectoGrupal\trabajoAPP\final\App-Map-Tracking\lib\features\auth\screens\user_type_selection_page.dart", "Dart", 0, 269, 0, 0, 0, 0, 0, 0, 0, 0, 3, 17, 289
"c:\Users\ICOREBIZ\Documents\Dev_Personal\Semestre 2025-1\Ingeniera de software\ProyectoGrupal\trabajoAPP\final\App-Map-Tracking\lib\features\map\providers\map_service_provider.dart", "Dart", 0, 5, 0, 0, 0, 0, 0, 0, 0, 0, 1, 1, 7
"c:\Users\ICOREBIZ\Documents\Dev_Personal\Semestre 2025-1\Ingeniera de software\ProyectoGrupal\trabajoAPP\final\App-Map-Tracking\lib\features\map\providers\map_state_provider.dart", "Dart", 0, 73, 0, 0, 0, 0, 0, 0, 0, 0, 2, 13, 88
"c:\Users\ICOREBIZ\Documents\Dev_Personal\Semestre 2025-1\Ingeniera de software\ProyectoGrupal\trabajoAPP\final\App-Map-Tracking\lib\features\map\screens\client_map_page.dart", "Dart", 0, 147, 0, 0, 0, 0, 0, 0, 0, 0, 17, 32, 196
"c:\Users\ICOREBIZ\Documents\Dev_Personal\Semestre 2025-1\Ingeniera de software\ProyectoGrupal\trabajoAPP\final\App-Map-Tracking\lib\features\map\screens\cobro_pasaje_page.dart", "Dart", 0, 173, 0, 0, 0, 0, 0, 0, 0, 0, 7, 11, 191
"c:\Users\ICOREBIZ\Documents\Dev_Personal\Semestre 2025-1\Ingeniera de software\ProyectoGrupal\trabajoAPP\final\App-Map-Tracking\lib\features\map\screens\employee_map_page.dart", "Dart", 0, 316, 0, 0, 0, 0, 0, 0, 0, 0, 65, 49, 430
"c:\Users\ICOREBIZ\Documents\Dev_Personal\Semestre 2025-1\Ingeniera de software\ProyectoGrupal\trabajoAPP\final\App-Map-Tracking\lib\features\map\screens\micrero_dashboard.dart", "Dart", 0, 45, 0, 0, 0, 0, 0, 0, 0, 0, 4, 7, 56
"c:\Users\ICOREBIZ\Documents\Dev_Personal\Semestre 2025-1\Ingeniera de software\ProyectoGrupal\trabajoAPP\final\App-Map-Tracking\lib\features\map\screens\scan_price_page.dart", "Dart", 0, 99, 0, 0, 0, 0, 0, 0, 0, 0, 0, 7, 106
"c:\Users\ICOREBIZ\Documents\Dev_Personal\Semestre 2025-1\Ingeniera de software\ProyectoGrupal\trabajoAPP\final\App-Map-Tracking\lib\features\map\screens\search_bus_route.dart", "Dart", 0, 360, 0, 0, 0, 0, 0, 0, 0, 0, 20, 32, 412
"c:\Users\ICOREBIZ\Documents\Dev_Personal\Semestre 2025-1\Ingeniera de software\ProyectoGrupal\trabajoAPP\final\App-Map-Tracking\lib\features\map\services\client_map_controller.dart", "Dart", 0, 458, 0, 0, 0, 0, 0, 0, 0, 0, 60, 122, 640
"c:\Users\ICOREBIZ\Documents\Dev_Personal\Semestre 2025-1\Ingeniera de software\ProyectoGrupal\trabajoAPP\final\App-Map-Tracking\lib\features\map\services\client_route_manager.dart", "Dart", 0, 210, 0, 0, 0, 0, 0, 0, 0, 0, 27, 57, 294
"c:\Users\ICOREBIZ\Documents\Dev_Personal\Semestre 2025-1\Ingeniera de software\ProyectoGrupal\trabajoAPP\final\App-Map-Tracking\lib\features\map\services\client_tracking_service.dart", "Dart", 0, 547, 0, 0, 0, 0, 0, 0, 0, 0, 64, 133, 744
"c:\Users\ICOREBIZ\Documents\Dev_Personal\Semestre 2025-1\Ingeniera de software\ProyectoGrupal\trabajoAPP\final\App-Map-Tracking\lib\features\map\services\enhanced_marker_service.dart", "Dart", 0, 328, 0, 0, 0, 0, 0, 0, 0, 0, 10, 67, 405
"c:\Users\ICOREBIZ\Documents\Dev_Personal\Semestre 2025-1\Ingeniera de software\ProyectoGrupal\trabajoAPP\final\App-Map-Tracking\lib\features\map\services\location_service.dart", "Dart", 0, 67, 0, 0, 0, 0, 0, 0, 0, 0, 5, 18, 90
"c:\Users\ICOREBIZ\Documents\Dev_Personal\Semestre 2025-1\Ingeniera de software\ProyectoGrupal\trabajoAPP\final\App-Map-Tracking\lib\features\map\services\map_service.dart", "Dart", 0, 131, 0, 0, 0, 0, 0, 0, 0, 0, 22, 43, 196
"c:\Users\ICOREBIZ\Documents\Dev_Personal\Semestre 2025-1\Ingeniera de software\ProyectoGrupal\trabajoAPP\final\App-Map-Tracking\lib\features\map\services\marker_service.dart", "Dart", 0, 287, 0, 0, 0, 0, 0, 0, 0, 0, 23, 64, 374
"c:\Users\ICOREBIZ\Documents\Dev_Personal\Semestre 2025-1\Ingeniera de software\ProyectoGrupal\trabajoAPP\final\App-Map-Tracking\lib\features\map\services\route_service.dart", "Dart", 0, 177, 0, 0, 0, 0, 0, 0, 0, 0, 6, 36, 219
"c:\Users\ICOREBIZ\Documents\Dev_Personal\Semestre 2025-1\Ingeniera de software\ProyectoGrupal\trabajoAPP\final\App-Map-Tracking\lib\features\map\services\socket_service.dart", "Dart", 0, 78, 0, 0, 0, 0, 0, 0, 0, 0, 7, 20, 105
"c:\Users\ICOREBIZ\Documents\Dev_Personal\Semestre 2025-1\Ingeniera de software\ProyectoGrupal\trabajoAPP\final\App-Map-Tracking\lib\features\map\widgets\client_debug_buttons.dart", "Dart", 0, 397, 0, 0, 0, 0, 0, 0, 0, 0, 16, 57, 470
"c:\Users\ICOREBIZ\Documents\Dev_Personal\Semestre 2025-1\Ingeniera de software\ProyectoGrupal\trabajoAPP\final\App-Map-Tracking\lib\features\map\widgets\client_map_widget.dart", "Dart", 0, 93, 0, 0, 0, 0, 0, 0, 0, 0, 0, 11, 104
"c:\Users\ICOREBIZ\Documents\Dev_Personal\Semestre 2025-1\Ingeniera de software\ProyectoGrupal\trabajoAPP\final\App-Map-Tracking\lib\features\map\widgets\client_options_buttons.dart", "Dart", 0, 130, 0, 0, 0, 0, 0, 0, 0, 0, 8, 9, 147
"c:\Users\ICOREBIZ\Documents\Dev_Personal\Semestre 2025-1\Ingeniera de software\ProyectoGrupal\trabajoAPP\final\App-Map-Tracking\lib\features\map\widgets\client_paradas_list.dart", "Dart", 0, 219, 0, 0, 0, 0, 0, 0, 0, 0, 6, 17, 242
"c:\Users\ICOREBIZ\Documents\Dev_Personal\Semestre 2025-1\Ingeniera de software\ProyectoGrupal\trabajoAPP\final\App-Map-Tracking\lib\features\map\widgets\client_route_info.dart", "Dart", 0, 184, 0, 0, 0, 0, 0, 0, 0, 0, 0, 10, 194
"c:\Users\ICOREBIZ\Documents\Dev_Personal\Semestre 2025-1\Ingeniera de software\ProyectoGrupal\trabajoAPP\final\App-Map-Tracking\lib\features\map\widgets\client_search_bar.dart", "Dart", 0, 51, 0, 0, 0, 0, 0, 0, 0, 0, 0, 4, 55
"c:\Users\ICOREBIZ\Documents\Dev_Personal\Semestre 2025-1\Ingeniera de software\ProyectoGrupal\trabajoAPP\final\App-Map-Tracking\lib\features\map\widgets\dashboard_actions_grid.dart", "Dart", 0, 125, 0, 0, 0, 0, 0, 0, 0, 0, 0, 4, 129
"c:\Users\ICOREBIZ\Documents\Dev_Personal\Semestre 2025-1\Ingeniera de software\ProyectoGrupal\trabajoAPP\final\App-Map-Tracking\lib\features\map\widgets\dashboard_header.dart", "Dart", 0, 148, 0, 0, 0, 0, 0, 0, 0, 0, 1, 5, 154
"c:\Users\ICOREBIZ\Documents\Dev_Personal\Semestre 2025-1\Ingeniera de software\ProyectoGrupal\trabajoAPP\final\App-Map-Tracking\lib\features\map\widgets\dashboard_logout_button.dart", "Dart", 0, 67, 0, 0, 0, 0, 0, 0, 0, 0, 6, 7, 80
"c:\Users\ICOREBIZ\Documents\Dev_Personal\Semestre 2025-1\Ingeniera de software\ProyectoGrupal\trabajoAPP\final\App-Map-Tracking\lib\features\map\widgets\driver_info_panel.dart", "Dart", 0, 95, 0, 0, 0, 0, 0, 0, 0, 0, 0, 3, 98
"c:\Users\ICOREBIZ\Documents\Dev_Personal\Semestre 2025-1\Ingeniera de software\ProyectoGrupal\trabajoAPP\final\App-Map-Tracking\lib\features\map\widgets\map_floating_buttons.dart", "Dart", 0, 42, 0, 0, 0, 0, 0, 0, 0, 0, 2, 4, 48
"c:\Users\ICOREBIZ\Documents\Dev_Personal\Semestre 2025-1\Ingeniera de software\ProyectoGrupal\trabajoAPP\final\App-Map-Tracking\lib\features\map\widgets\map_status_indicator.dart", "Dart", 0, 66, 0, 0, 0, 0, 0, 0, 0, 0, 0, 3, 69
"c:\Users\ICOREBIZ\Documents\Dev_Personal\Semestre 2025-1\Ingeniera de software\ProyectoGrupal\trabajoAPP\final\App-Map-Tracking\lib\features\map\widgets\offline_status_indicator.dart", "Dart", 0, 126, 0, 0, 0, 0, 0, 0, 0, 0, 2, 8, 136
"c:\Users\ICOREBIZ\Documents\Dev_Personal\Semestre 2025-1\Ingeniera de software\ProyectoGrupal\trabajoAPP\final\App-Map-Tracking\lib\features\map\widgets\rutas_disponibles_section.dart", "Dart", 0, 474, 0, 0, 0, 0, 0, 0, 0, 0, 17, 35, 526
"c:\Users\ICOREBIZ\Documents\Dev_Personal\Semestre 2025-1\Ingeniera de software\ProyectoGrupal\trabajoAPP\final\App-Map-Tracking\lib\features\providers\connectivity_provider.dart", "Dart", 0, 83, 0, 0, 0, 0, 0, 0, 0, 0, 13, 16, 112
"c:\Users\ICOREBIZ\Documents\Dev_Personal\Semestre 2025-1\Ingeniera de software\ProyectoGrupal\trabajoAPP\final\App-Map-Tracking\lib\features\providers\entidad_id_provider.dart", "Dart", 0, 5, 0, 0, 0, 0, 0, 0, 0, 0, 0, 2, 7
"c:\Users\ICOREBIZ\Documents\Dev_Personal\Semestre 2025-1\Ingeniera de software\ProyectoGrupal\trabajoAPP\final\App-Map-Tracking\lib\features\providers\entidad_provider.dart", "Dart", 0, 7, 0, 0, 0, 0, 0, 0, 0, 0, 0, 3, 10
"c:\Users\ICOREBIZ\Documents\Dev_Personal\Semestre 2025-1\Ingeniera de software\ProyectoGrupal\trabajoAPP\final\App-Map-Tracking\lib\features\providers\isar_provider.dart", "Dart", 0, 0, 0, 0, 0, 0, 0, 0, 0, 0, 15, 1, 16
"c:\Users\ICOREBIZ\Documents\Dev_Personal\Semestre 2025-1\Ingeniera de software\ProyectoGrupal\trabajoAPP\final\App-Map-Tracking\lib\features\providers\micrero_provider.dart", "Dart", 0, 76, 0, 0, 0, 0, 0, 0, 0, 0, 6, 4, 86
"c:\Users\ICOREBIZ\Documents\Dev_Personal\Semestre 2025-1\Ingeniera de software\ProyectoGrupal\trabajoAPP\final\App-Map-Tracking\lib\features\providers\parada_provider.dart", "Dart", 0, 61, 0, 0, 0, 0, 0, 0, 0, 0, 12, 20, 93
"c:\Users\ICOREBIZ\Documents\Dev_Personal\Semestre 2025-1\Ingeniera de software\ProyectoGrupal\trabajoAPP\final\App-Map-Tracking\lib\features\providers\ruta_provider.dart", "Dart", 0, 76, 0, 0, 0, 0, 0, 0, 0, 0, 9, 11, 96
"c:\Users\ICOREBIZ\Documents\Dev_Personal\Semestre 2025-1\Ingeniera de software\ProyectoGrupal\trabajoAPP\final\App-Map-Tracking\lib\features\tracking\providers\tracking_provider.dart", "Dart", 0, 5, 0, 0, 0, 0, 0, 0, 0, 0, 0, 1, 6
"c:\Users\ICOREBIZ\Documents\Dev_Personal\Semestre 2025-1\Ingeniera de software\ProyectoGrupal\trabajoAPP\final\App-Map-Tracking\lib\main.dart", "Dart", 0, 38, 0, 0, 0, 0, 0, 0, 0, 0, 1, 7, 46
"c:\Users\ICOREBIZ\Documents\Dev_Personal\Semestre 2025-1\Ingeniera de software\ProyectoGrupal\trabajoAPP\final\App-Map-Tracking\lib\services\api_service.dart", "Dart", 0, 67, 0, 0, 0, 0, 0, 0, 0, 0, 0, 11, 78
"c:\Users\ICOREBIZ\Documents\Dev_Personal\Semestre 2025-1\Ingeniera de software\ProyectoGrupal\trabajoAPP\final\App-Map-Tracking\lib\services\background\socket_service.dart", "Dart", 0, 61, 0, 0, 0, 0, 0, 0, 0, 0, 7, 17, 85
"c:\Users\ICOREBIZ\Documents\Dev_Personal\Semestre 2025-1\Ingeniera de software\ProyectoGrupal\trabajoAPP\final\App-Map-Tracking\lib\services\location_background_service.dart", "Dart", 0, 275, 0, 0, 0, 0, 0, 0, 0, 0, 23, 49, 347
"c:\Users\ICOREBIZ\Documents\Dev_Personal\Semestre 2025-1\Ingeniera de software\ProyectoGrupal\trabajoAPP\final\App-Map-Tracking\lib\services\socket_service.dart", "Dart", 0, 87, 0, 0, 0, 0, 0, 0, 0, 0, 1, 23, 111
"c:\Users\ICOREBIZ\Documents\Dev_Personal\Semestre 2025-1\Ingeniera de software\ProyectoGrupal\trabajoAPP\final\App-Map-Tracking\lib\services\tracking_socket_service.dart", "Dart", 0, 465, 0, 0, 0, 0, 0, 0, 0, 0, 55, 107, 627
"c:\Users\ICOREBIZ\Documents\Dev_Personal\Semestre 2025-1\Ingeniera de software\ProyectoGrupal\trabajoAPP\final\App-Map-Tracking\pubspec.yaml", "YAML", 42, 0, 0, 0, 0, 0, 0, 0, 0, 0, 0, 6, 48
"Total", "-", 43, 14726, 485, 19, 1, 5981, 239, 108, 19, 11, 823, 2275, 24730